{"limit": 250, "num_items": 129, "items": {"0": [43, 38.894811831505706], "1": [22, 73.07891744019933], "2": [44, 11.70058269964277], "3": [12, 33.19817977513681], "4": [31, 58.50637414931949], "5": [1, 29.050469622820216], "6": [30, 20.19288903906727], "7": [16, 29.61645852386055], "8": [39, 46.93847558122393], "9": [50, 4.6697457803512705], "10": [38, 20.00238152744861], "11": [51, 56.2134362513327], "12": [30, 7.209181744045687], "13": [31, 35.90304065941528], "14": [25, 67.3138251777871], "15": [40, 13.610187313970565], "16": [24, 49.39118257340747], "17": [44, 44.631390718224075], "18": [11, 30.205294584205838], "19": [16, 39.69247938539805], "20": [16, 36.34697786025911], "21": [7, 50.30381808425486], "22": [48, 50.68094160158431], "23": [11, 13.782479348171364], "24": [44, 21.82502979683178], "25": [31, 5.209042701302932], "26": [6, 8.331840034881441], "27": [20, 59.963495318703416], "28": [7, 52.79714770450669], "29": [48, 43.647428556597085], "30": [48, 48.786436709252605], "31": [5, 59.228018137684], "32": [39, 74.07709803772633], "33": [43, 44.90927747529173], "34": [40, 12.562208228149144], "35": [4, 30.68325297490728], "36": [27, 60.41373943127618], "37": [15, 48.835792097805765], "38": [41, 30.99757614643052], "39": [21, 66.19695012158965], "40": [46, 31.7489246099876], "41": [4, 19.308422585447047], "42": [30, 62.768163501843], "43": [42, 67.39668138775268], "44": [7, 55.524801111575], "45": [41, 69.0524231670144], "46": [19, 4.653926466942777], "47": [37, 26.462297165814434], "48": [13, 27.627798956364547], "49": [14, 23.06233866271534], "50": [8, 1.0190009081041864], "51": [45, 68.20753205549657], "52": [37, 28.26104399698633], "53": [35, 29.265077614913807], "54": [45, 12.433753193632938], "55": [48, 61.6818050745804], "56": [10, 23.12078538054591], "57": [26, 19.339814311981442], "58": [14, 6.963864135234869], "59": [6, 21.68946400617371], "60": [19, 5.06983496599718], "61": [42, 7.1418009369835795], "62": [24, 11.809344009325368], "63": [13, 38.73911076022539], "64": [49, 5.79388423385378], "65": [51, 37.20670054625566], "66": [6, 56.63623790399136], "67": [46, 68.8787440517239], "68": [19, 26.734363134060082], "69": [8, 40.535706518832036], "70": [20, 16.506712656417655], "71": [33, 71.20276887505752], "72": [43, 70.71695142290591], "73": [41, 55.48430484391833], "74": [25, 34.270337831505664], "75": [6, 45.7270433974628], "76": [11, 11.136539026713134], "77": [6, 26.969992298835425], "78": [50, 73.38229591666777], "79": [22, 11.692065913813867], "80": [9, 43.876275066970535], "81": [46, 14.72758828386076], "82": [7, 47.12631978149215], "83": [19, 64.31063388731013], "84": [4, 3.737119355974017], "85": [11, 43.26045620292043], "86": [29, 10.881385330432968], "87": [1, 40.98980498149796], "88": [29, 9.56511536607849], "89": [38, 50.452735641621494], "90": [27, 74.67277026770454], "91": [44, 50.465177826174724], "92": [7, 3.3782312759056943], "93": [41, 23.997021194864924], "94": [32, 31.145891261429053], "95": [9, 38.59510436973245], "96": [40, 53.75933842028556], "97": [18, 59.58511118763034], "98": [21, 62.61319978553814], "99": [50, 43.3002433128511], "100": [21, 72.63702902272884], "101": [15, 21.799448524894917], "102": [29, 29.736731906658733], "103": [49, 31.953875489213278], "104": [5, 57.74488111107622], "105": [45, 35.162974167351145], "106": [36, 25.447778723469284], "107": [49, 69.86048391744954], "108": [45, 38.09254453752396], "109": [18, 38.347718900916654], "110": [6, 55.082254704108465], "111": [45, 10.845951620722758], "112": [34, 56.96817744667262], "113": [15, 74.85605948294027], "114": [2, 8.04845012249206], "115": [41, 24.833171871867656], "116": [43, 16.364516307860185], "117": [38, 48.44562094547151], "118": [37, 58.36621746740409], "119": [6, 38.98883594018174], "120": [23, 34.22470307720964], "121": [28, 41.0574936157589], "122": [51, 6.870959529013117], "123": [44, 28.14748282974424], "124": [4, 29.54478115674531], "125": [31, 33.99614968015603], "126": [4, 43.07455765764964], "127": [3, 8.070771792940885], "128": [33, 12.474587839529228]}}