{"limit": 213, "num_items": 87, "items": {"0": [43, 72.6561592830967], "1": [40, 1.749779542734204], "2": [24, 65.73523647151752], "3": [5, 68.4390136567774], "4": [20, 21.64914273988511], "5": [23, 55.9155742909899], "6": [33, 34.60785381120402], "7": [2, 34.48610939786953], "8": [48, 48.6710973085801], "9": [2, 61.251136034024526], "10": [42, 15.824215936147725], "11": [35, 28.30680996191869], "12": [6, 42.839769578102825], "13": [34, 39.26382044565717], "14": [18, 22.548961985252415], "15": [43, 70.17394863943683], "16": [39, 56.920083028957826], "17": [2, 10.518791637099849], "18": [10, 21.36056072306621], "19": [37, 16.22433445505026], "20": [27, 20.145689370626297], "21": [24, 70.91929843305758], "22": [47, 47.25060356062386], "23": [20, 50.12354472140898], "24": [34, 15.495176564190752], "25": [43, 34.35954768964365], "26": [49, 32.53201086652793], "27": [40, 50.81906985623059], "28": [25, 65.02842180499516], "29": [28, 32.263100091698384], "30": [11, 47.745194595427286], "31": [24, 72.53380613221415], "32": [30, 19.849099910433413], "33": [32, 34.914055655085306], "34": [4, 49.406163292033234], "35": [25, 48.52106596590874], "36": [11, 12.496558050948144], "37": [37, 64.44154231616945], "38": [30, 21.137359754664136], "39": [18, 21.667285328898622], "40": [35, 30.170304004132184], "41": [38, 61.73953492873811], "42": [12, 5.992036484078737], "43": [9, 43.34877815797594], "44": [28, 36.120869674471635], "45": [39, 55.45099940753329], "46": [23, 12.418166485490222], "47": [16, 47.64610553515831], "48": [16, 8.576092123672336], "49": [46, 0.3098669901534187], "50": [30, 31.866128022340803], "51": [45, 30.529322270202368], "52": [15, 43.71629475950359], "53": [49, 71.0764439210598], "54": [11, 33.95202930366507], "55": [31, 37.06952074569375], "56": [17, 3.9598941262941176], "57": [9, 9.595451761364899], "58": [38, 69.02463650851456], "59": [16, 62.63398157471707], "60": [45, 38.29354367902336], "61": [11, 21.653012301907737], "62": [14, 6.878255064466581], "63": [14, 57.229143347897285], "64": [41, 31.75725970951594], "65": [26, 10.402965836803544], "66": [44, 14.525177606406059], "67": [32, 68.49807617330494], "68": [30, 11.757426682370411], "69": [2, 44.27454652968531], "70": [35, 62.32822465183202], "71": [27, 41.09884851279979], "72": [38, 45.12973878596449], "73": [9, 4.261428125174962], "74": [20, 14.7238070974519], "75": [10, 38.50091215221125], "76": [4, 1.3652183427285844], "77": [18, 68.36871028563078], "78": [7, 40.85714811933555], "79": [29, 51.29154420907504], "80": [47, 28.251314317223528], "81": [42, 45.86295340919182], "82": [38, 36.443102153973896], "83": [11, 56.12787698438398], "84": [19, 61.296401503241206], "85": [47, 3.4512668664897532], "86": [28, 0.6507572855845942]}}