{"limit": 57, "num_items": 88, "items": {"0": [17, 25.00335100905183], "1": [10, 3.1210260580004476], "2": [7, 25.87209583353871], "3": [2, 1.5849803976620898], "4": [8, 16.37564027577207], "5": [19, 10.29605406835234], "6": [8, 25.441058195275776], "7": [6, 8.017894352055784], "8": [16, 12.875211783885511], "9": [5, 25.512710628889348], "10": [19, 18.12222259627127], "11": [10, 14.834219294318359], "12": [5, 11.149939228271238], "13": [18, 10.153815323744789], "14": [14, 22.507360934678704], "15": [10, 28.486954227732273], "16": [19, 21.18249099872052], "17": [2, 17.787329119893037], "18": [19, 2.006795443439863], "19": [5, 12.0985270060288], "20": [12, 16.486338131860478], "21": [12, 25.608028028221295], "22": [19, 5.618314897295764], "23": [14, 1.1185409739752492], "24": [19, 27.675030570816187], "25": [12, 25.531549609375155], "26": [9, 2.574186582345619], "27": [18, 20.32323278987177], "28": [18, 10.925421016088142], "29": [9, 6.115314709654256], "30": [13, 6.1436343434633045], "31": [13, 12.341910996864964], "32": [1, 25.7324311320797], "33": [13, 14.94495397990892], "34": [4, 18.121227035070344], "35": [9, 2.3247155116016613], "36": [17, 20.24809316037223], "37": [17, 7.194011438355397], "38": [9, 8.03622571706226], "39": [12, 15.682018425692236], "40": [6, 27.73467493942609], "41": [13, 5.90702820225699], "42": [17, 26.99264967259338], "43": [13, 27.480453334648512], "44": [18, 24.418262419847785], "45": [3, 6.145309231593896], "46": [5, 5.440838724196787], "47": [9, 15.829435959579357], "48": [10, 9.457276750847143], "49": [14, 18.28084920084025], "50": [2, 15.48009719980022], "51": [18, 25.217181077883573], "52": [4, 23.33421315259495], "53": [16, 17.053933886420655], "54": [10, 5.205181218209525], "55": [14, 3.001918847618354], "56": [19, 18.386639186547573], "57": [4, 13.087315431463107], "58": [14, 4.380643322226963], "59": [17, 24.671629020654333], "60": [10, 22.359381283046044], "61": [10, 13.688042254446747], "62": [16, 15.18242973803138], "63": [2, 7.021603670402824], "64": [14, 17.454971678942563], "65": [17, 3.9276411664044093], "66": [13, 25.990462157513022], "67": [7, 9.600044706629845], "68": [15, 2.9540534931805613], "69": [18, 7.743864748720952], "70": [6, 9.8039305815392], "71": [13, 3.0354725725322105], "72": [16, 13.876002078581196], "73": [17, 15.203091192410291], "74": [12, 26.68359972965942], "75": [9, 7.97294573844634], "76": [13, 17.429845100954832], "77": [16, 26.517949609280752], "78": [7, 19.14136482603931], "79": [14, 20.881926495563846], "80": [11, 9.408909147066103], "81": [7, 9.399211029032674], "82": [2, 6.354755463830468], "83": [19, 13.661490500033088], "84": [4, 25.211630565459306], "85": [1, 23.86448193548707], "86": [16, 12.575937248852723], "87": [16, 17.21241032123782]}}