{"limit": 67, "num_items": 42, "items": {"0": [14, 5.219926104506249], "1": [17, 2.771323158294842], "2": [14, 11.41363461829647], "3": [13, 20.502682922686656], "4": [16, 27.8894877368598], "5": [2, 21.893086603342823], "6": [9, 17.13004237080793], "7": [2, 25.734908298049653], "8": [11, 7.351551332400831], "9": [5, 23.002626589568496], "10": [3, 13.874657371386228], "11": [19, 24.939919074596396], "12": [2, 8.669306361869642], "13": [9, 12.271615463172665], "14": [9, 17.722848155041994], "15": [13, 21.399157329657392], "16": [1, 23.651948333074422], "17": [2, 16.640190687215437], "18": [13, 25.399406159830637], "19": [5, 5.96300502842249], "20": [8, 21.12405981091541], "21": [1, 13.015841197632659], "22": [1, 0.5745361996366006], "23": [10, 27.940322626775416], "24": [15, 9.234149838688543], "25": [9, 4.333502016671326], "26": [11, 1.8276568368021262], "27": [17, 1.6560058136523068], "28": [3, 20.907860834762516], "29": [8, 25.08159730460104], "30": [16, 8.151560286009945], "31": [2, 8.112823576740665], "32": [16, 14.1182242503161], "33": [5, 27.297843330633597], "34": [17, 12.72170278816833], "35": [3, 14.39590038072586], "36": [1, 23.693817029232438], "37": [16, 2.9078827445897746], "38": [4, 14.110139486405593], "39": [5, 14.305381137759241], "40": [19, 3.17733306010866], "41": [8, 26.911805959552794]}}