{"limit": 55, "num_items": 60, "items": {"0": [6, 8.407325754443052], "1": [2, 3.9804707830679096], "2": [6, 4.050471577873611], "3": [14, 2.9318694416292237], "4": [4, 11.24120460437576], "5": [1, 20.22416912762909], "6": [16, 4.773446638596076], "7": [3, 19.32716802029841], "8": [15, 1.3163925999525041], "9": [12, 15.319951440756965], "10": [10, 15.224858420417487], "11": [10, 1.0696624007728257], "12": [16, 1.861041002491878], "13": [1, 4.191168908937667], "14": [15, 9.794460052652116], "15": [10, 12.251635243548924], "16": [13, 17.964362150218925], "17": [10, 23.277807568016037], "18": [5, 22.773335174542243], "19": [14, 21.660284289949974], "20": [8, 3.226267093804579], "21": [2, 11.809778526227849], "22": [11, 5.393464057435483], "23": [9, 1.5346492572722799], "24": [2, 14.029280246404852], "25": [1, 2.410498408358386], "26": [1, 8.728575847766702], "27": [8, 22.225049043060505], "28": [13, 4.5750107489487695], "29": [12, 10.577167367309766], "30": [13, 0.9045174156325331], "31": [8, 17.233097833128017], "32": [14, 18.47255785882681], "33": [1, 7.285517784909629], "34": [6, 13.815340764822434], "35": [8, 20.21093251236375], "36": [8, 17.621811973620673], "37": [6, 16.028788625034295], "38": [9, 9.727513269683165], "39": [16, 7.237793817717472], "40": [6, 9.289570939556056], "41": [16, 6.834058723115953], "42": [13, 23.121093173035167], "43": [3, 5.099717150577959], "44": [6, 8.336369851482907], "45": [12, 13.40372872493084], "46": [10, 11.729290805330791], "47": [15, 6.0361145039502055], "48": [12, 14.673676962667022], "49": [4, 0.6652549815580917], "50": [4, 6.525568076808124], "51": [12, 16.121056081966685], "52": [13, 7.78269823952994], "53": [7, 0.8617556075554607], "54": [6, 4.140831885365121], "55": [2, 11.406891896219125], "56": [6, 14.545020372024322], "57": [11, 11.83855014255275], "58": [6, 18.39310255455176], "59": [11, 20.588456020564333]}}