{"limit": 61, "num_items": 120, "items": {"0": [3, 12.68735526371475], "1": [22, 5.1587107435832], "2": [7, 23.171141492841276], "3": [7, 23.169023817778083], "4": [4, 27.100728126319677], "5": [8, 11.740450326235633], "6": [18, 16.96976663456612], "7": [20, 22.365076615126775], "8": [15, 20.225841489426873], "9": [15, 15.55572604241816], "10": [2, 24.74402555175068], "11": [20, 31.7626826928595], "12": [17, 12.455782213487668], "13": [17, 21.59266594442112], "14": [12, 17.44663598512229], "15": [22, 28.218727578400404], "16": [4, 25.7712448679397], "17": [16, 16.820719847711313], "18": [15, 9.33353807342726], "19": [16, 28.27262964412973], "20": [20, 27.757676090135682], "21": [23, 8.057498682335014], "22": [4, 16.29605553796539], "23": [15, 21.20887114061489], "24": [3, 9.236747319830101], "25": [17, 21.583684123032352], "26": [4, 10.752754139805818], "27": [3, 8.22515777748764], "28": [17, 10.711434510079453], "29": [16, 19.592591780504872], "30": [9, 31.89171139455048], "31": [20, 30.978858059246484], "32": [2, 32.162017015270706], "33": [14, 19.949465238708733], "34": [14, 14.620979471676346], "35": [15, 3.009666262831336], "36": [2, 25.07315278649486], "37": [19, 30.961675134430862], "38": [22, 5.984624127292606], "39": [23, 33.121223289960795], "40": [6, 28.759925648144996], "41": [19, 11.661519746654635], "42": [7, 10.039441043299108], "43": [12, 20.724685912109557], "44": [5, 22.885436256010685], "45": [11, 16.628082181766167], "46": [15, 12.522333197186237], "47": [1, 17.492525933727816], "48": [17, 24.36604627666857], "49": [12, 3.205530899449908], "50": [15, 33.22076772858746], "51": [8, 15.518930844504977], "52": [10, 5.183154170720617], "53": [16, 33.87991359388774], "54": [10, 1.6631973055144116], "55": [7, 15.903592557761003], "56": [17, 21.942336634295955], "57": [9, 29.654125425108745], "58": [2, 29.56358289064838], "59": [9, 1.2445252315470954], "60": [14, 4.430707432742813], "61": [8, 27.442159702004446], "62": [11, 20.807990954539942], "63": [16, 34.19160141418259], "64": [4, 6.40729933885153], "65": [1, 26.068432089219282], "66": [5, 27.77710352868783], "67": [17, 24.794900527914777], "68": [2, 28.48050169223583], "69": [13, 34.20428915937784], "70": [23, 18.52691532919066], "71": [12, 16.682196907050518], "72": [15, 7.03258909297637], "73": [9, 29.588118103493755], "74": [5, 2.8233890421342567], "75": [12, 30.90763184989389], "76": [17, 12.382706395715502], "77": [11, 4.7760224091270445], "78": [10, 1.0020055115767383], "79": [4, 23.772413790309486], "80": [7, 11.393343641039378], "81": [4, 7.767898621784682], "82": [3, 15.23696959762439], "83": [20, 5.4172908460111735], "84": [4, 23.529982906036906], "85": [7, 15.089411100950333], "86": [3, 13.965244791953234], "87": [15, 27.954239608906004], "88": [11, 3.85009818713494], "89": [5, 12.730941745057345], "90": [22, 1.1331702172816245], "91": [1, 9.797409627437993], "92": [23, 18.94115689121349], "93": [5, 10.841100026788968], "94": [12, 20.17666193620502], "95": [5, 5.020955437884801], "96": [17, 26.77272250670752], "97": [23, 17.06606425546155], "98": [18, 12.08527034862212], "99": [4, 11.927738069309138], "100": [10, 3.0860237428194948], "101": [9, 31.153209585926394], "102": [20, 7.190059040815642], "103": [2, 17.946668670047245], "104": [11, 25.117311286036692], "105": [20, 11.594875568021031], "106": [8, 29.260885745492928], "107": [4, 0.17353533095748253], "108": [21, 9.878458871404678], "109": [4, 17.584217996748194], "110": [3, 20.269360187517016], "111": [16, 10.52494333235919], "112": [19, 4.573841528631413], "113": [3, 13.156798639059504], "114": [19, 21.701625404066803], "115": [12, 31.753838637754495], "116": [22, 12.198897441580332], "117": [12, 17.62564838618863], "118": [10, 10.892014808111261], "119": [10, 20.86044850946377]}}