{"limit": 267, "num_items": 132, "items": {"0": [34, 10.616928301249823], "1": [20, 88.89784834525933], "2": [18, 1.141480825343102], "3": [19, 32.20106984801581], "4": [9, 62.05315791442202], "5": [35, 73.00102592914178], "6": [48, 7.696701871583231], "7": [7, 50.95611820462236], "8": [3, 42.39675139488742], "9": [3, 13.12650928516605], "10": [2, 36.41716414050192], "11": [15, 65.17015955177713], "12": [37, 36.68746656216578], "13": [34, 70.48733868987429], "14": [13, 5.4237798125738], "15": [56, 67.12490498885421], "16": [12, 50.502289560931885], "17": [30, 25.860858488871163], "18": [4, 5.436384596098729], "19": [54, 64.90093491708527], "20": [19, 76.69195017089409], "21": [16, 61.50299086966747], "22": [16, 6.551594187658547], "23": [15, 40.03031857811779], "24": [42, 19.999860505641983], "25": [46, 63.1333353892377], "26": [33, 83.63601560245995], "27": [34, 36.469500583795366], "28": [11, 85.34736578885587], "29": [5, 57.171423950271816], "30": [49, 52.18772774427782], "31": [17, 85.45080295245153], "32": [33, 13.224309309034417], "33": [46, 53.620195440327585], "34": [52, 25.717742433546125], "35": [27, 7.051791145129228], "36": [35, 5.838420046620523], "37": [39, 6.861176755462001], "38": [24, 58.70953025248646], "39": [35, 49.46960493645185], "40": [56, 87.20878125089224], "41": [35, 83.44646324634698], "42": [40, 73.70631225655448], "43": [28, 44.807865531089874], "44": [51, 33.10693091162928], "45": [50, 70.68688598702772], "46": [60, 61.785980150248065], "47": [60, 34.21709201088999], "48": [23, 10.065840774524403], "49": [1, 53.100819734139584], "50": [2, 81.01073482637753], "51": [53, 85.39599777672213], "52": [56, 50.86118054323473], "53": [3, 44.012217359592576], "54": [8, 72.23365566503446], "55": [49, 29.10951876694747], "56": [14, 27.327200822626935], "57": [2, 89.20767854479138], "58": [60, 4.510795878464172], "59": [13, 5.28970990057692], "60": [55, 14.400839850064216], "61": [44, 16.946054653818475], "62": [3, 52.90827226994285], "63": [56, 54.58146442725616], "64": [41, 29.567620277777646], "65": [26, 10.013201418618774], "66": [18, 34.19577912981864], "67": [48, 31.15140028723452], "68": [19, 29.144098715709408], "69": [2, 1.5166258978256475], "70": [19, 84.42936944208085], "71": [11, 23.126768629140997], "72": [57, 36.684345722097994], "73": [13, 46.775383180637355], "74": [39, 70.08236604575885], "75": [59, 79.0981722928528], "76": [57, 29.644360350233423], "77": [43, 52.184066435145276], "78": [56, 4.018252256555108], "79": [15, 48.0450587671172], "80": [17, 66.6558375476158], "81": [2, 44.00818820866652], "82": [42, 73.88943348986604], "83": [26, 78.48605440829016], "84": [42, 59.37124904324933], "85": [39, 80.82311317649499], "86": [48, 77.31229728750137], "87": [59, 36.2848085187441], "88": [13, 82.81153049804067], "89": [54, 52.25623359076236], "90": [48, 69.05724299929005], "91": [9, 28.53818239331298], "92": [19, 18.586293390848862], "93": [46, 82.36404942771661], "94": [26, 83.68008624528026], "95": [36, 58.819249879207426], "96": [51, 42.244627313999956], "97": [2, 75.36245933956275], "98": [14, 60.2094320687028], "99": [46, 82.64735605029402], "100": [20, 27.225376891543203], "101": [59, 4.768407650972789], "102": [22, 89.75621082254368], "103": [1, 89.26525364935661], "104": [26, 19.41270223730738], "105": [53, 60.87228040088343], "106": [37, 68.56009798027915], "107": [56, 85.54917416768149], "108": [34, 38.231751454521756], "109": [39, 70.8590717342743], "110": [55, 49.55149341461791], "111": [9, 22.341607602967628], "112": [57, 38.11116836231526], "113": [15, 52.82074465805538], "114": [24, 14.303469806378217], "115": [52, 77.05436483301173], "116": [5, 49.379798780275145], "117": [40, 68.44822683718397], "118": [50, 14.083528002581712], "119": [11, 25.96538309566347], "120": [21, 88.36751011117863], "121": [35, 3.647889587262515], "122": [1, 7.392658639886785], "123": [36, 37.63930586639947], "124": [59, 7.150669687076052], "125": [47, 70.4075324721463], "126": [50, 36.584891220773244], "127": [6, 42.76416949458032], "128": [23, 11.781264418928274], "129": [16, 25.92479925641615], "130": [22, 3.5589168424197624], "131": [50, 52.34886812171781]}}