{"limit": 287, "num_items": 198, "items": {"0": [29, 77.62217553369406], "1": [60, 9.110373945016974], "2": [18, 46.57143088626119], "3": [41, 36.89864847116278], "4": [53, 3.5846017690880823], "5": [22, 63.98360458105303], "6": [36, 34.87990476458151], "7": [18, 61.780625654426366], "8": [3, 2.4064143659100066], "9": [13, 20.0285585892429], "10": [46, 41.23021157414052], "11": [35, 66.72346161542681], "12": [4, 10.26213841500465], "13": [59, 5.774175709329172], "14": [20, 2.2526385545400824], "15": [16, 26.41355636025683], "16": [27, 54.188978615023004], "17": [50, 41.90682939297153], "18": [31, 32.28558328338216], "19": [25, 7.983080626646943], "20": [18, 8.526342535197257], "21": [51, 48.85581894131751], "22": [58, 61.49219561755254], "23": [28, 38.21051388623818], "24": [21, 67.90055783411673], "25": [50, 77.25647425515882], "26": [48, 45.60274504455903], "27": [46, 47.06135506252708], "28": [27, 38.30859036165055], "29": [22, 51.27364618969136], "30": [44, 54.334135660483106], "31": [4, 4.44763732740279], "32": [54, 77.21037833545815], "33": [3, 17.42762850848971], "34": [15, 69.55084895526943], "35": [49, 51.594663618672065], "36": [25, 63.47232586364919], "37": [50, 85.13709311251688], "38": [47, 79.76562143088309], "39": [18, 84.94877375208856], "40": [30, 26.08354214718477], "41": [4, 87.51161492511652], "42": [7, 68.72117889033265], "43": [14, 22.387236045449683], "44": [28, 70.16983800947126], "45": [24, 20.56411910402527], "46": [24, 14.639773810820857], "47": [19, 53.524411461079644], "48": [41, 34.11129991628037], "49": [31, 62.96691292662863], "50": [52, 51.17520430254146], "51": [60, 64.0699902492194], "52": [37, 23.644122944522252], "53": [5, 71.23816434833213], "54": [19, 41.00266914981639], "55": [1, 30.26503623706813], "56": [19, 53.70332987357355], "57": [49, 77.65657986789783], "58": [37, 23.578834959061908], "59": [36, 82.79508796514139], "60": [23, 29.967384423379208], "61": [59, 87.81760657015471], "62": [23, 45.8046917695687], "63": [40, 22.85999532674071], "64": [58, 28.714809195529448], "65": [30, 24.91659996705964], "66": [24, 18.01712924743894], "67": [23, 46.420756091821566], "68": [39, 44.79830329992578], "69": [38, 60.475496615692116], "70": [60, 66.07758475007685], "71": [47, 77.95056881671246], "72": [32, 84.72664414233066], "73": [17, 71.14455440475083], "74": [55, 57.806901322998996], "75": [6, 76.09000931846109], "76": [50, 5.765123531023557], "77": [22, 12.787275918845305], "78": [18, 21.748153187087205], "79": [55, 55.809559023299805], "80": [44, 7.465708358976093], "81": [53, 74.71346419840285], "82": [39, 71.4055095251342], "83": [31, 34.86932485914668], "84": [17, 69.24999111750272], "85": [60, 62.10705452392062], "86": [46, 26.46994397169078], "87": [25, 83.1194152915431], "88": [51, 12.574169957534655], "89": [57, 2.4336925227276924], "90": [1, 56.528114350959996], "91": [16, 68.91075783890047], "92": [57, 1.8471616002860645], "93": [38, 11.105945708823509], "94": [6, 6.778597421543434], "95": [2, 85.162806000553], "96": [61, 52.16931581533634], "97": [30, 70.89696568836806], "98": [52, 83.43616657574742], "99": [36, 26.97304671307284], "100": [43, 66.57840287181615], "101": [51, 30.69188586284345], "102": [60, 63.28717901057882], "103": [6, 27.114866408416724], "104": [9, 87.93080968399471], "105": [57, 3.8323051355534923], "106": [49, 72.29758080580855], "107": [47, 67.65326864666005], "108": [42, 60.7689464265804], "109": [49, 76.40251176538787], "110": [6, 32.387221792417684], "111": [23, 12.403011527259638], "112": [36, 64.66688817799307], "113": [59, 87.94169244189604], "114": [40, 17.953877670779303], "115": [14, 48.62073898713693], "116": [52, 55.40154781472869], "117": [41, 65.73004927604731], "118": [12, 20.681536931603237], "119": [11, 17.326510768833582], "120": [5, 52.88129815024688], "121": [61, 77.0723006550166], "122": [55, 52.49282447181193], "123": [48, 46.343536812218886], "124": [29, 89.69226886317911], "125": [9, 45.90113285659698], "126": [26, 21.321240319735534], "127": [40, 4.366081748653068], "128": [31, 18.891935684967038], "129": [39, 40.537733177101366], "130": [25, 41.39390686643012], "131": [29, 36.53416188157106], "132": [11, 52.78255367149507], "133": [19, 41.78713759880181], "134": [37, 26.393322958047243], "135": [60, 12.846887748256215], "136": [61, 70.37395861156354], "137": [35, 43.485202171504326], "138": [3, 19.324885702436223], "139": [15, 64.06448675306476], "140": [52, 20.90643384647835], "141": [32, 11.063424202939107], "142": [13, 32.90730164143005], "143": [32, 75.06523993386033], "144": [54, 24.007094853063098], "145": [48, 37.48799754757706], "146": [56, 1.8134807667197523], "147": [9, 0.14812836820593267], "148": [6, 75.06784526119696], "149": [44, 73.54267084896763], "150": [23, 77.134212908189], "151": [56, 50.33549832740185], "152": [9, 42.042098426398304], "153": [2, 61.49017223867514], "154": [61, 83.78529909544974], "155": [48, 37.187073258219904], "156": [22, 39.79474821791622], "157": [16, 53.14732674837672], "158": [31, 78.90006091046695], "159": [11, 45.331848454232464], "160": [14, 76.99841712823515], "161": [23, 56.082301284749796], "162": [42, 49.61991066622545], "163": [37, 35.7681824662899], "164": [4, 2.3215735055298055], "165": [58, 53.21487799580635], "166": [5, 64.07646749865597], "167": [17, 66.46433367116727], "168": [30, 14.512026832845944], "169": [5, 36.683032030287386], "170": [32, 66.75774771752708], "171": [47, 33.03593380907121], "172": [31, 4.3954068916509295], "173": [16, 71.17585829928602], "174": [15, 12.008729237714247], "175": [21, 90.34669813929702], "176": [42, 42.6257054100002], "177": [2, 71.21717536775725], "178": [61, 18.094059619653056], "179": [49, 68.00580870155324], "180": [19, 49.06443988749922], "181": [44, 23.25482071647936], "182": [48, 44.38569153255487], "183": [37, 20.366485202755687], "184": [41, 57.168014965239664], "185": [42, 31.64511764728119], "186": [11, 34.46987084179565], "187": [21, 49.91576345617077], "188": [38, 13.378429214461072], "189": [29, 91.22287767628065], "190": [45, 35.43206597779175], "191": [41, 81.45186542654349], "192": [48, 56.437498365955264], "193": [61, 83.52780572510129], "194": [5, 62.862820701579864], "195": [61, 1.9907550209915015], "196": [30, 6.952499059644427], "197": [35, 41.93707180435337]}}