{"limit": 423, "num_items": 466, "items": {"0": [18, 26.162503865998886], "1": [68, 29.09584817047963], "2": [32, 95.431543123673], "3": [34, 57.93262481005508], "4": [49, 129.33465980199654], "5": [79, 27.77943917827458], "6": [54, 135.28199737178528], "7": [55, 119.84930342912469], "8": [34, 120.20085901197268], "9": [55, 68.89339536449056], "10": [43, 30.200924269669105], "11": [24, 92.72901455396313], "12": [81, 2.7994521080913377], "13": [93, 131.98984380725716], "14": [9, 8.336007373721989], "15": [45, 107.78654008034393], "16": [68, 110.08375938872993], "17": [87, 35.3788378449859], "18": [85, 49.56440957369037], "19": [89, 116.01630275728782], "20": [84, 38.992281325060105], "21": [6, 76.69215597255503], "22": [85, 63.67276594456601], "23": [74, 132.9011591900285], "24": [64, 93.63609624774396], "25": [72, 115.58093922127806], "26": [71, 101.26335004271183], "27": [69, 109.93088528911811], "28": [9, 57.52530190363677], "29": [67, 129.34304427015965], "30": [89, 140.3786004125521], "31": [48, 106.83237936390279], "32": [6, 61.43437225498377], "33": [40, 24.227962061219717], "34": [49, 124.75844062378516], "35": [10, 17.789248400632243], "36": [47, 141.23473780285212], "37": [24, 33.903676207558476], "38": [11, 19.108872986294454], "39": [9, 19.996541778474025], "40": [35, 13.519661572410607], "41": [9, 6.278146737320682], "42": [77, 127.25545302859963], "43": [19, 138.70205466998638], "44": [28, 131.26363564395044], "45": [28, 51.581730388978684], "46": [89, 138.73131037589548], "47": [9, 51.18763981309664], "48": [47, 59.948762941737215], "49": [53, 79.35458583337677], "50": [17, 23.28025630506059], "51": [81, 72.1033860043786], "52": [39, 135.9879524605223], "53": [51, 109.99282678127251], "54": [46, 135.9051048196236], "55": [62, 61.580092830283995], "56": [67, 88.89433248763167], "57": [17, 129.78003783461193], "58": [27, 102.40352790975113], "59": [84, 37.82775111749667], "60": [77, 120.32444289747541], "61": [48, 108.10574161953703], "62": [81, 90.2844799495342], "63": [8, 86.52311836535608], "64": [64, 30.85462425866746], "65": [4, 90.66311705974607], "66": [27, 4.930069372076217], "67": [40, 48.32592198336225], "68": [71, 37.6054457365386], "69": [24, 86.94165688331098], "70": [78, 52.269996814234545], "71": [6, 142.0846137992206], "72": [31, 82.5121174519474], "73": [75, 141.61683273418544], "74": [42, 60.33927992869413], "75": [1, 86.80754994510852], "76": [24, 67.19997787740938], "77": [53, 3.0492735256763694], "78": [15, 72.09865489700498], "79": [71, 85.1838626684137], "80": [20, 75.07889678468777], "81": [35, 58.483205590815935], "82": [44, 89.86468001646989], "83": [30, 68.1566839493455], "84": [28, 1.9269297082347425], "85": [70, 137.8926212441235], "86": [54, 103.52653144489474], "87": [42, 42.396233446213365], "88": [6, 127.89879452162035], "89": [12, 90.69054872634842], "90": [46, 121.84588933676572], "91": [23, 3.321095754191195], "92": [70, 122.29414351915986], "93": [74, 34.61474756921528], "94": [43, 6.68299470874257], "95": [40, 69.5732842008892], "96": [86, 56.8077171945393], "97": [53, 135.79398250219768], "98": [12, 12.52321214634184], "99": [91, 51.114968075528786], "100": [64, 108.16040694809756], "101": [21, 139.62976292581791], "102": [70, 123.01909293009311], "103": [49, 93.29491740252276], "104": [35, 86.49347822737037], "105": [28, 108.50917760781705], "106": [57, 60.568182201535976], "107": [9, 58.44885073246366], "108": [34, 3.310873431399117], "109": [17, 40.72633923142678], "110": [30, 30.983126432905046], "111": [13, 37.02892316366441], "112": [4, 32.95616249842532], "113": [91, 55.7766849665753], "114": [28, 65.82388501449684], "115": [4, 7.926044722273036], "116": [57, 0.9541928457939777], "117": [75, 123.1761140703326], "118": [80, 76.96812227782044], "119": [90, 50.0735038178003], "120": [91, 13.697087592374276], "121": [80, 128.913097395776], "122": [19, 76.0233327440384], "123": [52, 68.40243601798456], "124": [59, 38.97177400568851], "125": [54, 14.251696881486772], "126": [77, 86.5297386201696], "127": [93, 92.8795656686714], "128": [84, 63.09631099654467], "129": [38, 81.98137523996934], "130": [79, 140.30415800531887], "131": [75, 101.34832172254258], "132": [55, 61.694568434621516], "133": [77, 56.353122352053276], "134": [56, 2.0899077901250065], "135": [64, 114.39528891841243], "136": [33, 31.607177532730326], "137": [7, 140.3070233362127], "138": [20, 130.12385191582555], "139": [44, 31.68871718461202], "140": [66, 12.851748363000585], "141": [26, 20.715053802621767], "142": [55, 99.25210676225673], "143": [84, 130.51448670744279], "144": [23, 49.266931159853044], "145": [34, 33.04199940454229], "146": [78, 0.06851001328273792], "147": [7, 68.96709967831549], "148": [23, 53.15880955089438], "149": [64, 25.99259178300334], "150": [93, 7.756995744976374], "151": [48, 117.64227139012935], "152": [9, 39.27357785668902], "153": [52, 87.48619022311036], "154": [30, 108.46038393632907], "155": [23, 73.63348987805362], "156": [53, 134.3743342342599], "157": [70, 90.48033949543888], "158": [41, 136.73688401759293], "159": [9, 50.852532005220986], "160": [57, 120.44580740077782], "161": [28, 24.329791235138977], "162": [15, 133.719087283476], "163": [7, 69.99951618574684], "164": [39, 35.026087588493155], "165": [30, 67.54047016324202], "166": [83, 64.92469129258254], "167": [79, 133.8094914023145], "168": [44, 13.400343834976152], "169": [45, 132.38996666453232], "170": [61, 3.827834351939738], "171": [87, 141.22796652991377], "172": [94, 16.290749016209237], "173": [51, 41.017099715582546], "174": [21, 75.49155904229598], "175": [79, 8.353907420145203], "176": [86, 1.503590548973949], "177": [55, 53.5542342253974], "178": [47, 105.26840779113235], "179": [3, 28.422694205983134], "180": [21, 69.92188354795647], "181": [27, 113.7999633470898], "182": [92, 6.778647930373945], "183": [67, 42.92782472359209], "184": [13, 4.324932204297685], "185": [57, 119.33746628117156], "186": [26, 114.16177812819329], "187": [81, 14.945165642545309], "188": [51, 51.66007708709594], "189": [7, 84.38278379557732], "190": [8, 89.21903322991159], "191": [17, 10.038747600165605], "192": [68, 81.69481719166826], "193": [44, 98.89241235169558], "194": [31, 141.00230011640903], "195": [60, 129.73071110463397], "196": [4, 35.07450518398555], "197": [22, 28.666398228335016], "198": [75, 102.2676051706209], "199": [88, 94.41212028855196], "200": [31, 99.43985179455174], "201": [48, 17.394466330775018], "202": [86, 137.6884335627693], "203": [95, 58.660571394705585], "204": [61, 32.878272882219726], "205": [22, 43.43636328792606], "206": [38, 66.21510848208567], "207": [32, 61.36559399041013], "208": [40, 126.05197231486358], "209": [50, 71.30584598340604], "210": [35, 99.2638059694651], "211": [60, 38.86848392199228], "212": [7, 118.59804173626715], "213": [65, 62.559927830872915], "214": [30, 77.76423195269479], "215": [68, 28.02271828644495], "216": [69, 6.080800767197926], "217": [66, 76.92350174391711], "218": [81, 137.1841818102569], "219": [33, 11.9657138554508], "220": [69, 30.180248751421665], "221": [3, 53.68638206028494], "222": [23, 70.31033085122326], "223": [2, 48.877584045772124], "224": [72, 123.08889014910824], "225": [74, 76.3994950433527], "226": [40, 63.95934745373377], "227": [60, 140.27645327170606], "228": [42, 9.9676807135559], "229": [92, 122.7013687136911], "230": [65, 70.35009630447843], "231": [15, 131.83344917860077], "232": [69, 107.0554539687142], "233": [46, 80.26807471370618], "234": [79, 91.44232365063405], "235": [47, 55.24558017977468], "236": [83, 75.46857210435594], "237": [11, 64.05425146603478], "238": [5, 66.73084966878297], "239": [11, 35.848142922159155], "240": [10, 107.2875094980097], "241": [29, 137.5094558499951], "242": [24, 85.66190224538181], "243": [10, 137.90889185306253], "244": [85, 121.87929061075562], "245": [21, 121.72001503406196], "246": [94, 48.690888019855954], "247": [21, 70.09930640017363], "248": [40, 18.86810758620091], "249": [69, 106.82471273721596],