{"limit": 432, "num_items": 200, "items": {"0": [30, 136.0746176881878], "1": [26, 81.02362425565786], "2": [11, 98.64556005397507], "3": [42, 54.421913998097324], "4": [69, 16.02565091531222], "5": [73, 30.0467309819205], "6": [57, 23.427709134391446], "7": [52, 95.99823220936494], "8": [21, 34.624061713444995], "9": [16, 45.32406142059625], "10": [57, 29.809096260123248], "11": [39, 111.56910780887992], "12": [18, 114.94853809442358], "13": [61, 38.854816103226426], "14": [64, 71.63667354232098], "15": [20, 79.44251581077958], "16": [16, 51.51806479578529], "17": [91, 135.49491503839866], "18": [5, 76.58595461950421], "19": [83, 98.32318675088062], "20": [16, 18.689916128274927], "21": [7, 31.202280293099435], "22": [74, 123.18903152207686], "23": [2, 82.7389685667779], "24": [62, 97.46824744683383], "25": [91, 29.03920205929983], "26": [78, 0.02110546473266872], "27": [8, 0.5996507383769671], "28": [28, 129.5044676028418], "29": [62, 19.065544540102568], "30": [1, 115.33203609607793], "31": [3, 126.05132006639386], "32": [79, 78.9051719064973], "33": [84, 12.173460822983408], "34": [18, 103.49532364279844], "35": [89, 93.65564635869922], "36": [48, 48.39191081544752], "37": [80, 31.42834368602627], "38": [40, 104.48073513691747], "39": [53, 3.3199293293676053], "40": [5, 50.725887724718696], "41": [74, 42.2218981996776], "42": [94, 24.726713038910333], "43": [46, 99.24171153306185], "44": [55, 42.331168890388], "45": [7, 34.29649931859015], "46": [9, 26.713248769117552], "47": [18, 12.017816681690247], "48": [32, 29.02794737092335], "49": [77, 57.62081548593037], "50": [46, 95.13943405486486], "51": [87, 108.52888945240407], "52": [14, 109.17975398449491], "53": [43, 16.87481081611458], "54": [77, 24.81091042054448], "55": [8, 108.28818564154615], "56": [78, 37.539023356337644], "57": [8, 34.83841403686012], "58": [32, 126.20740480226566], "59": [53, 84.54506132401819], "60": [55, 64.3366304212786], "61": [42, 47.533250908157676], "62": [60, 110.47440141441878], "63": [45, 104.06272679200515], "64": [67, 26.720926637099886], "65": [80, 99.32838152949448], "66": [9, 129.22303286400285], "67": [27, 10.87132655366428], "68": [1, 72.41775044198707], "69": [78, 3.2859650393884348], "70": [41, 70.23345975226215], "71": [80, 37.324948136536605], "72": [9, 52.72429173002138], "73": [92, 5.086293942862373], "74": [80, 87.29408503593908], "75": [81, 91.23833496828998], "76": [34, 97.8892100208354], "77": [32, 58.41673635238727], "78": [65, 138.0585008743836], "79": [14, 88.10685497721852], "80": [1, 45.8640028489066], "81": [13, 75.30012432486001], "82": [72, 68.19731951683549], "83": [63, 116.11625580881696], "84": [1, 51.342448248455085], "85": [30, 45.2555417819201], "86": [15, 87.42486656510772], "87": [27, 108.48373102461846], "88": [15, 20.6484856132825], "89": [7, 100.51254182691393], "90": [36, 80.74524637500414], "91": [12, 48.40632222058295], "92": [30, 45.18111454045661], "93": [18, 129.2541832488223], "94": [26, 27.96964547647662], "95": [81, 72.78382594361203], "96": [62, 133.01935729921763], "97": [51, 78.12285222204373], "98": [22, 81.50794844757485], "99": [81, 38.05365161634927], "100": [22, 0.4062663337570065], "101": [59, 116.28393199309889], "102": [27, 54.9250466629869], "103": [5, 70.07335907394689], "104": [2, 28.82986467211769], "105": [67, 141.4868311233204], "106": [29, 141.42779284206358], "107": [73, 65.12520409127912], "108": [75, 19.062247198909375], "109": [95, 136.19304971370903], "110": [15, 86.4911834011574], "111": [58, 125.51063393710677], "112": [57, 21.15321473448704], "113": [51, 91.54833161962621], "114": [30, 138.50468279500106], "115": [86, 3.2513354309016975], "116": [53, 35.71145282282788], "117": [28, 140.26989702736464], "118": [38, 124.2615979699869], "119": [21, 68.4927598853487], "120": [26, 16.289252847481364], "121": [42, 88.0989319479367], "122": [43, 79.01371755744287], "123": [87, 14.247666999660737], "124": [44, 112.005900989779], "125": [66, 49.10682564675975], "126": [68, 96.44065878055328], "127": [46, 34.58215590918948], "128": [15, 54.781008663802], "129": [72, 72.030115647957], "130": [65, 118.91018212967775], "131": [47, 105.22241154329808], "132": [23, 10.586113649006013], "133": [9, 11.055086856767236], "134": [70, 68.05028914608968], "135": [55, 57.90808385170819], "136": [37, 35.242722302784294], "137": [33, 134.02321609313196], "138": [88, 90.7368927086034], "139": [16, 87.86106221510852], "140": [69, 74.87503218454584], "141": [52, 49.98230754871115], "142": [67, 87.63051856179676], "143": [79, 135.29461462894395], "144": [12, 65.71876152338336], "145": [16, 106.72189389167775], "146": [40, 21.00238224122669], "147": [25, 127.13636926149542], "148": [13, 80.55626887960167], "149": [70, 110.62311783332592], "150": [20, 83.59649983755261], "151": [96, 26.723753694796727], "152": [23, 69.23589461381587], "153": [69, 47.103908269019065], "154": [68, 133.45302108980226], "155": [39, 17.58528033258284], "156": [54, 22.117614389861657], "157": [50, 6.389353554509606], "158": [73, 32.09978646678006], "159": [94, 75.57223593265279], "160": [5, 89.62354829661092], "161": [95, 67.66444347673642], "162": [39, 1.6796501431733617], "163": [94, 99.81354895226933], "164": [86, 115.64052820079033], "165": [46, 50.754839856903416], "166": [25, 102.39213066460682], "167": [22, 89.71568218255726], "168": [39, 20.989288348460576], "169": [14, 120.68937403011236], "170": [12, 99.08939175334926], "171": [70, 29.788846423703998], "172": [49, 53.54894005782451], "173": [58, 18.123474254383005], "174": [78, 122.35221957119646], "175": [33, 73.86424915570672], "176": [37, 121.43200165632132], "177": [87, 97.72017062564011], "178": [16, 23.007932908755905], "179": [88, 78.4813667253521], "180": [22, 43.275568957909634], "181": [87, 78.7698576813463], "182": [43, 65.9159157090971], "183": [80, 59.24686855406411], "184": [79, 132.94232378688432], "185": [19, 115.51207050828897], "186": [53, 69.71358033423715], "187": [22, 120.20914140332918], "188": [23, 133.14158393708556], "189": [15, 32.122081699491666], "190": [18, 11.229610765135353], "191": [88, 69.11173883676102], "192": [75, 49.1987364718757], "193": [41, 6.595024887200372], "194": [47, 91.43458549222316], "195": [94, 20.68347450302974], "196": [52, 127.59685318687121], "197": [59, 114.97959936929149], "198": [31, 103.29391872118624], "199": [60, 108.21670612240948]}}