{"limit": 410, "num_items": 253, "items": {"0": [59, 127.9835881488636], "1": [31, 18.649646691308675], "2": [18, 7.255733933821496], "3": [27, 50.27872495425375], "4": [18, 100.7965269276097], "5": [9, 123.16780189794244], "6": [83, 116.61073797584093], "7": [6, 14.486287531790243], "8": [68, 84.70910121432003], "9": [12, 111.5945119462561], "10": [27, 106.46945293662193], "11": [58, 77.74065970827759], "12": [84, 61.42182037964884], "13": [37, 16.13066714202689], "14": [33, 0.6453278035492287], "15": [61, 92.65670661782268], "16": [12, 76.37082707973747], "17": [57, 53.895479130707045], "18": [23, 23.190889960145746], "19": [76, 91.78942705266853], "20": [46, 114.50168669565014], "21": [9, 68.14383540417903], "22": [26, 97.08172149236951], "23": [49, 118.80503402667429], "24": [25, 17.11779726811315], "25": [66, 11.29565774196229], "26": [8, 84.54033214567697], "27": [60, 58.32092852382565], "28": [83, 102.70060570941843], "29": [1, 32.57531005389495], "30": [2, 49.87523567499261], "31": [60, 27.87822901485441], "32": [88, 81.45270287156046], "33": [51, 70.87702529396894], "34": [54, 103.6755551306915], "35": [8, 86.46334877404975], "36": [87, 0.3175511829565109], "37": [21, 74.18547535868109], "38": [34, 54.26840621714608], "39": [42, 1.7038263619717644], "40": [56, 9.710706832361968], "41": [48, 51.33890275944909], "42": [10, 110.30888026400449], "43": [30, 25.986884363363608], "44": [11, 92.73353921100498], "45": [18, 106.93147909628223], "46": [59, 42.61504745231536], "47": [67, 129.8754012836509], "48": [70, 55.929903294055194], "49": [53, 17.681078964899555], "50": [7, 45.452522206171565], "51": [55, 128.16682118838207], "52": [16, 68.6946533296121], "53": [50, 57.18021775501081], "54": [20, 131.22572060963037], "55": [87, 54.234283193207375], "56": [12, 96.93958781132838], "57": [6, 120.21406345537673], "58": [78, 90.04424344069191], "59": [52, 119.13015270533971], "60": [78, 39.08940422648991], "61": [17, 91.2915639604188], "62": [1, 114.02285551384992], "63": [58, 71.99222115770174], "64": [20, 2.0610618001972276], "65": [77, 19.71007773352232], "66": [83, 70.0582192424735], "67": [87, 73.85684585971663], "68": [39, 126.0947570898979], "69": [54, 85.24710101030341], "70": [70, 83.90806687166742], "71": [38, 36.32257006972564], "72": [15, 45.9010719136434], "73": [63, 87.12971408318246], "74": [60, 111.50818133136632], "75": [46, 82.15263932098898], "76": [34, 80.18136250378137], "77": [3, 116.20073035790155], "78": [18, 130.74706957095293], "79": [66, 39.751364561673185], "80": [47, 12.227337577327894], "81": [3, 116.20968406049414], "82": [69, 32.257609375973566], "83": [83, 56.98546305414336], "84": [25, 48.654878199143184], "85": [61, 87.56297841499689], "86": [62, 61.61517158723779], "87": [44, 36.54130825850271], "88": [46, 49.030821341545554], "89": [58, 39.81988178396949], "90": [11, 89.02538971348518], "91": [19, 110.80131967558751], "92": [22, 60.422504517834234], "93": [21, 44.10234582190579], "94": [49, 97.05082662852767], "95": [69, 11.429085944235311], "96": [4, 96.65972543825482], "97": [87, 67.35459709248423], "98": [61, 131.28816242768335], "99": [67, 129.67575815505245], "100": [23, 20.62603508070342], "101": [38, 48.309954450621696], "102": [22, 50.16946501781194], "103": [24, 127.1886823082828], "104": [45, 69.00510311903152], "105": [64, 112.71148101484016], "106": [80, 68.21068844926717], "107": [75, 65.24046465410262], "108": [64, 64.60838594131214], "109": [63, 130.9209368409559], "110": [22, 57.37037241465913], "111": [64, 57.10597665575187], "112": [5, 40.734608975646026], "113": [7, 32.53681758532459], "114": [30, 9.763367086567014], "115": [36, 107.92558436069419], "116": [75, 40.98342432120184], "117": [76, 22.980075662296723], "118": [78, 12.563913405784868], "119": [12, 131.08721423698805], "120": [10, 25.643611516851294], "121": [30, 33.939806400745645], "122": [82, 56.60169674360983], "123": [55, 16.98253518264839], "124": [11, 115.27520946729872], "125": [67, 72.52218015329898], "126": [42, 80.62299799327639], "127": [67, 104.09492493284276], "128": [8, 126.99256974314135], "129": [85, 92.62848004416885], "130": [65, 105.29120605807513], "131": [65, 116.04914347529963], "132": [51, 130.60340381800194], "133": [19, 45.99567331867553], "134": [14, 43.165171477728386], "135": [68, 72.28231493590293], "136": [38, 130.22609728621038], "137": [23, 84.50157726635072], "138": [48, 63.284968795817086], "139": [48, 52.76400995366425], "140": [79, 81.23841037597774], "141": [15, 133.3947904552314], "142": [82, 12.315643817806757], "143": [57, 32.81927071662806], "144": [68, 123.80161425286538], "145": [89, 64.4046591058204], "146": [3, 41.48442751934484], "147": [83, 97.69435013189258], "148": [71, 6.54948279592631], "149": [55, 90.60894571098295], "150": [7, 97.57320720469659], "151": [78, 120.60668672103027], "152": [46, 1.6077892480418452], "153": [61, 32.3042057064229], "154": [12, 59.15804004581921], "155": [62, 75.60452812960311], "156": [64, 87.76847524103579], "157": [23, 57.96678597292679], "158": [55, 88.11294190477713], "159": [44, 71.42519778349556], "160": [35, 68.57237649976206], "161": [52, 27.912304844865155], "162": [14, 119.85515026803954], "163": [10, 87.26030708526018], "164": [53, 108.69449569443375], "165": [10, 45.85501144942053], "166": [43, 92.95091001334467], "167": [59, 51.718585429897374], "168": [28, 94.45374478927654], "169": [72, 131.51595864286543], "170": [53, 104.1345807974599], "171": [5, 126.2469002607562], "172": [23, 129.70703385734], "173": [20, 29.980271901600425], "174": [9, 29.190075610906355], "175": [64, 81.11132898228927], "176": [60, 74.61294987398763], "177": [56, 68.96303954404074], "178": [73, 91.86792370562256], "179": [3, 27.354578461620616], "180": [66, 88.88289720368503], "181": [33, 47.937385571547736], "182": [88, 45.46013774331167], "183": [24, 102.04972113318335], "184": [56, 123.31699544734913], "185": [22, 74.76642326322884], "186": [48, 108.53631681938009], "187": [20, 118.98256177514617], "188": [54, 48.835350134012366], "189": [35, 58.32739563056881], "190": [42, 52.207987006598536], "191": [7, 80.97052668114209], "192": [55, 86.45044995903743], "193": [15, 17.877322905615767], "194": [83, 51.70805705783842], "195": [59, 69.74203825242881], "196": [70, 110.97304458391413], "197": [77, 12.933783574854914], "198": [60, 86.70830032523835], "199": [89, 124.66933169587772], "200": [9, 72.01022316714455], "201": [9, 28.708285696083603], "202": [38, 98.56908083115799], "203": [22, 115.45237942548651], "204": [46, 7.282796772359031], "205": [74, 95.23314533865411], "206": [37, 102.15316409413813], "207": [42, 19.306291575869963], "208": [85, 73.76724554817055], "209": [43, 120.68435360794707], "210": [1, 58.656497801402374], "211": [86, 121.30420839285777], "212": [72, 44.32938276819836], "213": [66, 34.18821209464365], "214": [14, 84.89989733624219], "215": [21, 63.86295999000871], "216": [28, 39.3897605349039], "217": [25, 114.16436291102055], "218": [69, 57.9497129186639], "219": [84, 85.98693430333081], "220": [78, 89.41126220273107], "221": [83, 15.153513077010238], "222": [55, 3.641096453823461], "223": [42, 37.48200054560273], "224": [30, 12.303488562174099], "225": [66, 123.69814960061058], "226": [67, 44.10198921563948], "227": [29, 65.68584240052648], "228": [84, 9.631361444359282], "229": [1, 47.9920627230514], "230": [80, 94.65198560463006], "231": [73, 38.54999038413234], "232": [60, 27.77461660363848], "233": [47, 95.33725808279752], "234": [4, 76.93791911030746], "235": [8, 55.943012505476666], "236": [73, 122.78966649539274], "237": [61, 33.9569025852922], "238": [82, 79.61149553692317], "239": [10, 31.775600469488094], "240": [54, 92.19329612450065], "241": [60, 100.78235557286341], "242": [64, 96.19684559331982], "243": [80, 93.73139468436955], "244": [20, 84.16933201046656], "245": [48, 21.446125377201216], "246": [78, 75.86106736539227], "247": [18, 0.9151224621782765], "248": [11, 95.82208315457842], "249": [86, 1.4008643302825554],