{"limit": 1336, "num_items": 534, "items": {"0": [3, 28.952610743827023], "1": [135, 162.80998659096784], "2": [184, 388.45130372354237], "3": [34, 117.34382608412227], "4": [223, 1.9175146264871326], "5": [232, 238.68842447744177], "6": [59, 355.798782852998], "7": [5, 284.81037575223183], "8": [261, 175.43058582711188], "9": [227, 335.4829190152461], "10": [125, 409.0303154956444], "11": [225, 146.87285022815433], "12": [217, 182.27587269019992], "13": [151, 117.79246654014501], "14": [173, 338.0171361555506], "15": [254, 28.136710124738162], "16": [226, 11.113620951779692], "17": [61, 153.30378317740602], "18": [193, 323.1073777617589], "19": [188, 86.19740518738791], "20": [165, 45.59341323262999], "21": [144, 238.0543976037278], "22": [103, 204.122779652505], "23": [274, 386.9163762401579], "24": [54, 398.90397206242426], "25": [110, 257.3276697597919], "26": [235, 308.8809771367523], "27": [262, 37.00247139400304], "28": [150, 351.79019883710737], "29": [221, 191.15198675703775], "30": [191, 249.8057259666683], "31": [197, 124.78067821954507], "32": [90, 378.3310641120479], "33": [141, 31.729999090175063], "34": [273, 323.43371800309814], "35": [167, 228.53234438669745], "36": [186, 331.8010388528404], "37": [129, 77.42741340582882], "38": [41, 105.0071035622226], "39": [196, 163.44029762058452], "40": [146, 258.62541744942183], "41": [247, 47.82764474495428], "42": [255, 165.30003457246625], "43": [64, 331.8934894976833], "44": [68, 220.6279165753303], "45": [194, 6.025641247049338], "46": [114, 179.49258413625017], "47": [196, 246.8074583702912], "48": [199, 0.1123498085830763], "49": [80, 138.2567823516099], "50": [126, 67.65673271977404], "51": [262, 380.955292251376], "52": [88, 226.48117529621217], "53": [162, 68.74107598372541], "54": [147, 371.5992421505359], "55": [270, 157.26315507272858], "56": [252, 314.97487500903867], "57": [198, 316.3783248215836], "58": [243, 336.5255251145459], "59": [16, 133.1456382847865], "60": [143, 264.4647976322056], "61": [123, 226.09286340190528], "62": [169, 153.95619189838365], "63": [176, 408.2544844071612], "64": [64, 53.61954373053478], "65": [186, 232.60448617932076], "66": [22, 195.75333241122908], "67": [257, 410.70959850225756], "68": [25, 351.90896138713], "69": [34, 32.59143997463326], "70": [221, 398.5152804076217], "71": [252, 105.51029903733416], "72": [213, 338.51663597915746], "73": [187, 378.415127625742], "74": [110, 77.09292138231721], "75": [248, 120.30258666537719], "76": [235, 220.7498940647878], "77": [19, 272.89166388832035], "78": [10, 352.2824746668229], "79": [167, 200.60275191170695], "80": [109, 62.22220784489544], "81": [198, 46.74614579163895], "82": [42, 12.224140753367644], "83": [4, 248.80926288249236], "84": [131, 2.0800539599413663], "85": [249, 268.25385338578076], "86": [252, 76.87564720106101], "87": [238, 233.88859042231095], "88": [5, 114.78539077607482], "89": [71, 74.97289925257057], "90": [258, 372.4967496834627], "91": [220, 199.8501479498536], "92": [27, 308.47623554838293], "93": [206, 206.92349881286705], "94": [146, 181.12709291749636], "95": [114, 256.6754497725126], "96": [216, 318.49988415797156], "97": [40, 263.97008237844324], "98": [33, 71.34273268197671], "99": [163, 252.19596985651344], "100": [258, 178.12199453977968], "101": [46, 250.8563126134518], "102": [3, 204.16804127861812], "103": [138, 331.2107101323454], "104": [182, 235.1303092254747], "105": [232, 53.87610477306229], "106": [245, 100.28562717868901], "107": [33, 86.5271556220183], "108": [263, 134.63495028332875], "109": [79, 110.74573250471484], "110": [229, 324.11434929124624], "111": [246, 214.60103557909966], "112": [121, 159.45152477893683], "113": [162, 150.88506808945286], "114": [112, 187.45041708954443], "115": [59, 382.8481562513758], "116": [207, 201.2207491478601], "117": [42, 203.11899551349822], "118": [25, 80.59644437074198], "119": [24, 334.6337421899136], "120": [41, 229.4836275278129], "121": [119, 159.7646087003229], "122": [86, 90.07526803901996], "123": [72, 18.589468121430563], "124": [74, 177.3458817259832], "125": [111, 277.01810283881804], "126": [55, 396.2220026501826], "127": [72, 295.434707793809], "128": [257, 158.65309918896844], "129": [26, 292.32645320596987], "130": [257, 307.39017446883895], "131": [174, 275.97790669454565], "132": [98, 8.595777243898189], "133": [60, 369.2529326922966], "134": [220, 208.79205927416626], "135": [197, 394.2359759265557], "136": [53, 352.84537911493936], "137": [44, 27.403938975460612], "138": [207, 394.8481857538701], "139": [18, 5.0964349996968705], "140": [78, 335.0052551134425], "141": [228, 178.20701002394176], "142": [83, 121.4051857196364], "143": [135, 346.54577330635493], "144": [169, 112.97289993538458], "145": [242, 281.55437126747194], "146": [216, 115.11434698720912], "147": [9, 204.81281989064942], "148": [59, 398.3879110953657], "149": [259, 397.0075408389819], "150": [92, 380.64356596075703], "151": [253, 252.15170818798697], "152": [151, 265.5293595276513], "153": [126, 137.67294127184357], "154": [78, 20.453773455961922], "155": [31, 261.5745821894397], "156": [179, 351.16792754875434], "157": [186, 373.3478150502163], "158": [247, 371.606972170416], "159": [78, 183.45530832596245], "160": [176, 151.29460890708253], "161": [39, 46.12473177479146], "162": [245, 196.08681982838206], "163": [29, 354.7877702285078], "164": [107, 401.03235435317623], "165": [39, 146.3157103862377], "166": [261, 345.3691199535652], "167": [208, 0.44934120184526605], "168": [120, 193.21914673647314], "169": [146, 61.139246786122825], "170": [174, 30.960567232421326], "171": [80, 14.690913097506355], "172": [218, 385.3131313302547], "173": [243, 3.70808361679409], "174": [241, 291.3603545977725], "175": [4, 169.8155194000913], "176": [18, 153.39211881000313], "177": [107, 179.49401274279495], "178": [87, 293.08377516715166], "179": [229, 307.86799825950595], "180": [121, 197.6117715411301], "181": [168, 381.6571623403094], "182": [9, 401.9803252672457], "183": [238, 240.10629314892608], "184": [8, 298.08036853891423], "185": [133, 337.0359935944372], "186": [151, 115.94103166719324], "187": [63, 99.10463457889506], "188": [65, 24.864028514701406], "189": [182, 2.375875698918269], "190": [271, 307.7841234407358], "191": [45, 167.1422766457433], "192": [224, 377.0124068048639], "193": [17, 18.871106657717668], "194": [170, 270.72196526957987], "195": [164, 404.7840651828458], "196": [158, 52.68640883112945], "197": [256, 88.35317530506923], "198": [171, 289.8512634228358], "199": [119, 79.49872738864252], "200": [228, 371.4019503599579], "201": [202, 121.54956925079729], "202": [187, 398.6512590642265], "203": [247, 382.51255444186137], "204": [149, 254.95987014580385], "205": [199, 202.91306454471666], "206": [210, 300.1349052873334], "207": [134, 402.8968414321132], "208": [201, 200.32088412803733], "209": [51, 120.6579869867449], "210": [162, 360.8026447085098], "211": [162, 22.11284764658904], "212": [64, 119.29790224101097], "213": [222, 217.79098375921038], "214": [54, 209.69749519838282], "215": [237, 244.29648391397382], "216": [177, 53.55171072387912], "217": [110, 269.82927380516367], "218": [267, 26.76068191060888], "219": [81, 368.47539627014805], "220": [210, 70.63125763704811], "221": [50, 157.5951187414173], "222": [82, 139.3296222924446], "223": [191, 148.22961273208662], "224": [176, 37.12411576544375], "225": [34, 255.9674529150506], "226": [242, 122.42292003677794], "227": [239, 342.4958554484097], "228": [144, 78.99178901007842], "229": [183, 219.5688636426648], "230": [261, 378.4675772836219], "231": [273, 300.2108286673644], "232": [199, 115.65357379900686], "233": [95, 156.07115685891486], "234": [53, 113.23603108228748], "235": [220, 107.80797832354297], "236": [104, 177.12150173448447], "237": [230, 147.79108898456929], "238": [156, 17.94907993942078], "239": [234, 4.057582488084611], "240": [101, 134.894929588895], "241": [10, 218.53620203485926], "242": [8, 63.29190225010223],