{"limit": 576, "num_items": 194, "items": {"0": [117, 137.5937927560011], "1": [44, 126.47089791500554], "2": [39, 37.01557952511374], "3": [14, 156.26475986855792], "4": [35, 20.158931428070563], "5": [117, 178.09418752771873], "6": [122, 91.06746794067651], "7": [38, 54.439996946708725], "8": [47, 71.10426353422092], "9": [57, 64.56322566808176], "10": [126, 164.07714775424506], "11": [53, 113.8611825987085], "12": [7, 40.11157915446948], "13": [41, 94.56289154562947], "14": [10, 72.13351998289703], "15": [102, 153.22196062751095], "16": [110, 42.968397408041355], "17": [55, 19.79297164477444], "18": [117, 31.958694044709976], "19": [91, 180.97581588765314], "20": [94, 77.9391261239712], "21": [71, 112.53051945347855], "22": [76, 24.001467378175203], "23": [28, 129.78915641877686], "24": [125, 141.52886411428682], "25": [18, 31.450700611638513], "26": [91, 74.24467370775722], "27": [125, 131.6646046955744], "28": [62, 60.0766501173608], "29": [1, 156.72690880136844], "30": [94, 92.25897986334219], "31": [17, 136.385053545497], "32": [17, 136.43785194582338], "33": [117, 4.975392168684918], "34": [57, 162.96876342930017], "35": [15, 52.63375115891389], "36": [107, 142.0801950033643], "37": [44, 10.681956797934667], "38": [89, 130.26082454956043], "39": [30, 154.55225937872763], "40": [102, 81.68651058871076], "41": [17, 141.8844487296501], "42": [44, 179.35592011918737], "43": [101, 93.18697577989195], "44": [88, 119.34562811387724], "45": [27, 7.983715537328459], "46": [120, 162.58402008504777], "47": [104, 95.6546279303783], "48": [34, 33.866339951666056], "49": [5, 43.691801661172015], "50": [11, 108.52022336115304], "51": [76, 10.696671971446172], "52": [51, 40.60581865707445], "53": [13, 108.77068957442832], "54": [30, 131.38169293812672], "55": [119, 94.61965321238516], "56": [74, 186.45188441852858], "57": [33, 12.00016910744874], "58": [43, 23.46667823204763], "59": [120, 166.79144181851623], "60": [59, 159.57788663241084], "61": [19, 81.95587635668382], "62": [71, 111.7238313260145], "63": [102, 33.35296429588746], "64": [84, 94.3169638085145], "65": [16, 153.78230604466904], "66": [120, 12.281861186505038], "67": [21, 132.5500087337941], "68": [101, 79.55119878938962], "69": [20, 170.14968474259453], "70": [35, 169.6354941452972], "71": [14, 88.38681701067486], "72": [83, 76.66319673637575], "73": [92, 172.58605790860992], "74": [41, 118.12944971986003], "75": [85, 68.87691619347483], "76": [117, 187.71892601871411], "77": [42, 99.49600836097373], "78": [47, 156.82080825889125], "79": [85, 109.6994462629245], "80": [68, 48.895999052452865], "81": [112, 125.9955316538171], "82": [27, 85.97758634729526], "83": [39, 52.50533574754731], "84": [53, 39.82544874141223], "85": [83, 46.373692137839946], "86": [48, 76.88829207215107], "87": [48, 186.60377167616093], "88": [121, 112.66386342048995], "89": [63, 82.84289902382503], "90": [72, 186.9316942184641], "91": [54, 73.28635965548716], "92": [15, 142.26751687207894], "93": [24, 139.36788375148996], "94": [96, 43.57002384982696], "95": [111, 51.082516446482614], "96": [2, 106.67445131668022], "97": [34, 132.18504572445465], "98": [101, 144.63616387396937], "99": [18, 44.9906282860744], "100": [109, 105.67212755763985], "101": [1, 119.02851208989308], "102": [33, 152.36502677099878], "103": [13, 112.92039156256148], "104": [50, 154.43262291119677], "105": [28, 81.33974770819668], "106": [95, 185.09134722301783], "107": [15, 48.0877084380161], "108": [57, 71.1506764536003], "109": [119, 130.60981260689476], "110": [33, 133.87079009710632], "111": [111, 169.53101241662628], "112": [51, 18.564435849228097], "113": [45, 121.68924765212958], "114": [37, 23.155798764673648], "115": [37, 28.92677302213022], "116": [77, 45.03374737099136], "117": [99, 128.93153491159828], "118": [57, 71.43114202668484], "119": [91, 16.885786384711995], "120": [108, 133.7844789635155], "121": [44, 19.912726921051725], "122": [45, 58.427731918728], "123": [45, 138.2397881522026], "124": [48, 89.64928799494147], "125": [71, 21.465364705981766], "126": [121, 159.3490991552877], "127": [47, 62.723765980983664], "128": [44, 99.08438135655607], "129": [68, 92.29367667753401], "130": [121, 104.51968872810232], "131": [34, 58.39973608447926], "132": [9, 77.29389527033965], "133": [71, 98.20373534434162], "134": [88, 83.14570205075276], "135": [106, 59.21380581803218], "136": [16, 78.93332836439524], "137": [14, 46.147641934202404], "138": [92, 21.59979361633355], "139": [22, 20.55283603538432], "140": [97, 61.957706997891115], "141": [126, 57.154964795521934], "142": [3, 27.035622395040498], "143": [12, 144.73995705615923], "144": [123, 57.7803492026641], "145": [34, 133.3268409217204], "146": [89, 146.85149103458153], "147": [95, 29.653205629554964], "148": [110, 150.0429672309871], "149": [93, 30.50823001180239], "150": [63, 12.48122050993031], "151": [43, 113.02542263515195], "152": [54, 184.7476914747619], "153": [78, 135.93997917731735], "154": [2, 22.79444019262692], "155": [25, 1.367184911077124], "156": [117, 177.43091825794525], "157": [77, 34.533344438932026], "158": [68, 101.13911358294095], "159": [44, 94.3196714881278], "160": [14, 49.00918846160175], "161": [23, 5.081068266028632], "162": [73, 164.4331812335338], "163": [15, 177.05431807821444], "164": [70, 173.1620752290391], "165": [45, 26.143907343306964], "166": [118, 172.99316611581838], "167": [16, 175.52315138243708], "168": [115, 43.69335571220279], "169": [56, 108.91087160027254], "170": [1, 91.60774156888671], "171": [53, 112.79924683190156], "172": [97, 2.142135356821512], "173": [44, 120.95955080110576], "174": [15, 35.97147883008771], "175": [119, 146.9127610667676], "176": [35, 33.97138256062927], "177": [93, 131.4975398612868], "178": [52, 59.07815869624192], "179": [117, 132.8740820337084], "180": [51, 126.30083973071747], "181": [96, 26.34917419521577], "182": [33, 52.3853236487035], "183": [101, 164.12857339617136], "184": [84, 20.821019582045082], "185": [40, 185.03853500156535], "186": [71, 80.0680918502142], "187": [103, 102.0071807271118], "188": [84, 146.01024803268928], "189": [91, 86.01797364225914], "190": [27, 22.14988643403481], "191": [41, 56.184243829083755], "192": [112, 171.43927373205793], "193": [119, 141.3257555039233]}}