{"y": [1.0, 1.1372600507176527, 1.1663667453928805, 1.2924085045303606, 1.6143002821164822, 2.0761973435978907, 2.4900590857598655, 2.689103857690308, 2.7270351311688126, 2.8090720764585737, 3.074400879193934, 3.511261291353623, 3.961216804507279, 4.226950788024128, 4.291836209014479, 4.341401979307822, 4.549226270051226, 4.947791190586712, 5.416274317460631, 5.7471774833136875, 5.855634354821366, 5.887385604325324, 6.040310546745653, 6.39064972890144, 6.859465627274523, 7.24780150899892, 7.413020816562331, 7.44398694531943, 7.54818199427303, 7.8439028613320385, 8.2959095686228, 8.728761199291124, 8.958841320080303, 9.007196921540743, 9.072374612843129, 9.310649797719122, 9.731015566745342, 10.191924511532775, 10.488789420040568, 10.57219492036172], "x": [0.0, 0.5, 1.0, 1.5, 2.0, 2.5, 3.0, 3.5, 4.0, 4.5, 5.0, 5.5, 6.0, 6.5, 7.0, 7.5, 8.0, 8.5, 9.0, 9.5, 10.0, 10.5, 11.0, 11.5, 12.0, 12.5, 13.0, 13.5, 14.0, 14.5, 15.0, 15.5, 16.0, 16.5, 17.0, 17.5, 18.0, 18.5, 19.0, 19.5]}