{"y": [0.0, 0.4636476090008061, 0.7853981633974483, 0.982793723247329, 1.1071487177940904, 1.1902899496825317, 1.2490457723982544, 1.2924966677897853, 1.3258176636680326, 1.3521273809209546, 1.373400766945016, 1.3909428270024184, 1.4056476493802699, 1.4181469983996315, 1.4288992721907328, 1.4382447944982226, 1.446441332248135, 1.4536875822280324, 1.460139105621001, 1.4659193880646628, 1.4711276743037347, 1.4758446204521403, 1.4801364395941514, 1.4840579881189115, 1.4876550949064553, 1.4909663410826592, 1.4940244355251187, 1.4968572891369563, 1.4994888620096063, 1.501939837493852, 1.5042281630190728, 1.5063694873693432, 1.5083775167989393, 1.5102643070127895, 1.512040504079174, 1.513715544388632, 1.5152978215491797, 1.5167948264189284, 1.5182132651839548, 1.519559159391478], "x": [0.0, 0.5, 1.0, 1.5, 2.0, 2.5, 3.0, 3.5, 4.0, 4.5, 5.0, 5.5, 6.0, 6.5, 7.0, 7.5, 8.0, 8.5, 9.0, 9.5, 10.0, 10.5, 11.0, 11.5, 12.0, 12.5, 13.0, 13.5, 14.0, 14.5, 15.0, 15.5, 16.0, 16.5, 17.0, 17.5, 18.0, 18.5, 19.0, 19.5]}