{"limit": 79, "num_items": 40, "items": {"0": [12, 9.890838402214493], "1": [19, 25.66476279734875], "2": [12, 7.37299270614117], "3": [4, 14.792592242934514], "4": [11, 0.6503349066179049], "5": [4, 6.973914079312829], "6": [2, 17.801114674298017], "7": [16, 23.45233721780671], "8": [15, 19.44388542722224], "9": [15, 25.41084317531799], "10": [10, 5.157916388175756], "11": [9, 15.980750764111919], "12": [6, 19.02200944027184], "13": [17, 7.286966179566618], "14": [11, 0.9627979919995671], "15": [14, 2.555651807712415], "16": [11, 17.58134141595992], "17": [12, 25.224740860481734], "18": [16, 21.83927936470302], "19": [16, 23.078218326154058], "20": [3, 3.3717302818840813], "21": [13, 24.055102912501663], "22": [11, 18.07679333335092], "23": [3, 25.12379697328482], "24": [10, 27.893546171918818], "25": [10, 18.984114586914384], "26": [19, 11.632536155860135], "27": [1, 0.3909123455493211], "28": [10, 7.397581285888894], "29": [6, 8.238625467667037], "30": [16, 16.932194338735975], "31": [12, 2.070627975249841], "32": [4, 15.191324134720439], "33": [11, 0.14997084994352117], "34": [6, 12.126460404779884], "35": [10, 0.7413088890041793], "36": [5, 1.127662652951474], "37": [18, 23.78715275717053], "38": [18, 4.57098185995234], "39": [8, 18.067593422732422]}}