{"limit": 91, "num_items": 69, "items": {"0": [2, 26.097374279212907], "1": [5, 36.780978202401556], "2": [3, 20.85074451544906], "3": [13, 25.358166341946358], "4": [11, 31.043149696984106], "5": [13, 6.971053060994426], "6": [21, 1.5798521832943861], "7": [16, 41.93466455893837], "8": [2, 11.31212262307574], "9": [19, 23.31897684980425], "10": [19, 41.55293356025031], "11": [9, 20.67569769749084], "12": [24, 1.3642279028268467], "13": [13, 5.608467400117375], "14": [20, 13.514331942030761], "15": [7, 36.5044242030312], "16": [10, 40.67925765996352], "17": [1, 25.63746962409104], "18": [21, 26.4554880532393], "19": [19, 31.128411422293176], "20": [27, 7.580698640869675], "21": [4, 27.997308418301984], "22": [26, 27.81119800848197], "23": [26, 21.015261906124312], "24": [25, 19.56111162369888], "25": [8, 3.1985018009540633], "26": [23, 3.438009459760336], "27": [10, 14.390551615548356], "28": [20, 8.769454891602694], "29": [15, 37.96197504451019], "30": [11, 41.95921727732964], "31": [2, 14.731794423349982], "32": [23, 25.245369874600804], "33": [21, 27.730922398317254], "34": [18, 35.53615758158344], "35": [22, 23.643435421413244], "36": [26, 26.285211122977437], "37": [19, 23.096804730659095], "38": [15, 15.800734674068968], "39": [9, 26.99273040010457], "40": [10, 36.577975317402725], "41": [6, 21.880917508413162], "42": [25, 6.283924112880818], "43": [22, 37.95995374785545], "44": [5, 1.0705338165205205], "45": [18, 25.330087356756724], "46": [2, 35.5638629704891], "47": [11, 4.171899781815759], "48": [4, 30.9564557243642], "49": [12, 17.613117176529308], "50": [22, 5.346632913974609], "51": [14, 10.353435887521151], "52": [24, 24.406588808216704], "53": [5, 13.298535297876558], "54": [11, 1.769895700735398], "55": [27, 17.283154299478507], "56": [26, 32.11639169634005], "57": [13, 35.18267760277913], "58": [14, 7.215650882000894], "59": [7, 27.207772443118536], "60": [19, 5.5202785702580215], "61": [11, 26.926648322210653], "62": [7, 24.766496889326596], "63": [21, 39.69284107105338], "64": [18, 5.6762255307855], "65": [1, 26.212615267938336], "66": [8, 32.88120937351178], "67": [18, 4.486779254210919], "68": [24, 27.891012101727533]}}