{"limit": 85, "num_items": 65, "items": {"0": [3, 33.243642779254316], "1": [14, 3.96692995887451], "2": [14, 10.039954157314835], "3": [3, 26.31290860239438], "4": [21, 2.6544681168753637], "5": [17, 33.286181063880676], "6": [4, 5.763376168536145], "7": [11, 32.78759579199122], "8": [21, 25.51973712076758], "9": [21, 27.32014774069072], "10": [16, 27.692561197787917], "11": [24, 22.134884502753415], "12": [21, 19.509141065694713], "13": [8, 31.300103296083112], "14": [11, 19.66063699627569], "15": [17, 3.086293840697447], "16": [3, 29.716898068300786], "17": [17, 13.495502916845355], "18": [8, 2.603727303289824], "19": [23, 19.079402487865924], "20": [5, 18.39912155042752], "21": [15, 13.462224760377392], "22": [12, 19.100922958525967], "23": [21, 26.84044249724334], "24": [4, 19.67581555792836], "25": [11, 8.163545420969713], "26": [1, 22.59117697893648], "27": [14, 12.788064457402388], "28": [14, 34.85888734409887], "29": [7, 34.94580565500998], "30": [15, 32.08644355332756], "31": [4, 15.764111808438772], "32": [9, 15.183417331814288], "33": [13, 3.3870739290812755], "34": [15, 28.600911850486675], "35": [8, 21.75703814688745], "36": [7, 32.85755798981555], "37": [23, 3.3737761844629537], "38": [3, 6.938691700237328], "39": [4, 12.843104464699243], "40": [7, 32.121753011987906], "41": [12, 27.80515494849639], "42": [6, 8.330699151613986], "43": [8, 5.920385513977619], "44": [18, 14.206543255166704], "45": [22, 35.82378805545959], "46": [1, 17.608825685211716], "47": [1, 25.164626200109694], "48": [20, 21.492001452171245], "49": [22, 8.14662673330816], "50": [10, 16.149248735857817], "51": [16, 23.96665847442808], "52": [1, 34.789847534474376], "53": [16, 12.526265044565877], "54": [19, 26.849259918155823], "55": [18, 17.248164498034672], "56": [14, 20.945306546923884], "57": [8, 15.667864547978159], "58": [2, 14.820789376647173], "59": [23, 26.937331096229983], "60": [24, 16.577977978616026], "61": [20, 18.273917135611498], "62": [12, 34.39259412702048], "63": [15, 34.139053294041574], "64": [14, 5.451202735157193]}}