{"y": [0.0, 0.4987474933020272, 0.1411200080598672, -1.4662951764976455, -0.5588309963978517, 2.3449999419368472, 1.2363554557252698, -3.078935159900845, -2.1462916720017398, 3.6170299194822944, 3.251439200785584, -3.914819383030177, -4.505923480630056, 3.936009153177407, 5.856589469752392, -3.6538088434538216, -7.244626896052991, 3.0519960091884304, 8.607383355640527, -2.125678581774566, -9.880316240928618, 0.8817317847633417, 10.999030461179938, 0.6611059982066325, -11.90134624131739, -2.4724849954557784, 12.529340021693141, 4.511040887453677, -12.831301670818872, -6.725324981765497, 12.763552868011777, 9.055047058405927, -12.29207458117867, -11.432601744855978, 11.39389598933737, 13.784841472222064, -10.058202879329093, -16.035052123824045, 8.287130349708674, 18.105081593924883], "x": [0.0, 0.5, 1.0, 1.5, 2.0, 2.5, 3.0, 3.5, 4.0, 4.5, 5.0, 5.5, 6.0, 6.5, 7.0, 7.5, 8.0, 8.5, 9.0, 9.5, 10.0, 10.5, 11.0, 11.5, 12.0, 12.5, 13.0, 13.5, 14.0, 14.5, 15.0, 15.5, 16.0, 16.5, 17.0, 17.5, 18.0, 18.5, 19.0, 19.5]}