{"y": [4.0, 3.9166666666666665, 4.5, 5.65, 7.333333333333334, 9.535714285714285, 12.25, 15.472222222222221, 19.2, 23.43181818181818, 28.166666666666668, 33.40384615384615, 39.142857142857146, 45.38333333333333, 52.125, 59.36764705882353, 67.11111111111111, 75.35526315789474, 84.1, 93.3452380952381, 103.0909090909091, 113.33695652173913, 124.08333333333333, 135.33, 147.07692307692307, 159.32407407407408, 172.07142857142858, 185.31896551724137, 199.06666666666666, 213.31451612903226, 228.0625, 243.31060606060606, 259.05882352941177, 275.3071428571429, 292.05555555555554, 309.30405405405406, 327.05263157894734, 345.30128205128204, 364.05, 383.2987804878049], "x": [0.0, 0.5, 1.0, 1.5, 2.0, 2.5, 3.0, 3.5, 4.0, 4.5, 5.0, 5.5, 6.0, 6.5, 7.0, 7.5, 8.0, 8.5, 9.0, 9.5, 10.0, 10.5, 11.0, 11.5, 12.0, 12.5, 13.0, 13.5, 14.0, 14.5, 15.0, 15.5, 16.0, 16.5, 17.0, 17.5, 18.0, 18.5, 19.0, 19.5]}